{
  "cv_scores": {
    "xgb": {
      "mean": 0.9771648697254017,
      "std": 0.002175660815186025,
      "scores": [
        0.974089068825911,
        0.9759784075573549,
        0.9765182186234818,
        0.9800269905533063,
        0.9792116630669546
      ]
    },
    "lgb": {
      "mean": 0.976625044085542,
      "std": 0.0025912003794104073,
      "scores": [
        0.9732793522267207,
        0.9751686909581646,
        0.9754385964912281,
        0.9802968960863697,
        0.9789416846652268
      ]
    },
    "cat": {
      "mean": 0.9799720475803231,
      "std": 0.0023171292689450717,
      "scores": [
        0.977327935222672,
        0.9786774628879892,
        0.9784075573549258,
        0.9832658569500675,
        0.9821814254859611
      ]
    },
    "ensemble": {
      "mean": 0.9786764135792214,
      "std": 0.0020403436035430177,
      "scores": [
        0.9765182186234818,
        0.9770580296896086,
        0.9775978407557355,
        0.9816464237516869,
        0.980561555075594
      ]
    }
  },
  "ensemble_weights": {
    "xgb": 0.3330757173162081,
    "lgb": 0.3328917127354125,
    "cat": 0.33403256994837943
  },
  "optimal_threshold": 0.35,
  "rules_applied": 2828,
  "prediction_distribution": {
    "introverts": 775,
    "extroverts": 5400,
    "extrovert_ratio": 0.8744939271255061
  },
  "optuna_results": {
    "best_score": 0.980080001154115,
    "best_params": {
      "n_estimators": 421,
      "max_depth": 3,
      "learning_rate": 0.23076378220752883,
      "subsample": 0.9993432508825191,
      "colsample_bytree": 0.8293792468794601,
      "gamma": 0.11516134449433885,
      "reg_alpha": 0.11501973861169967,
      "reg_lambda": 0.4242625881720601
    },
    "n_trials": 50
  }
}