{
  "cv_scores": [
    0.26045883940620784,
    0.26045883940620784,
    0.26045883940620784,
    0.26045883940620784,
    0.2605291576673866
  ],
  "mean_cv": 0.2604729030584436,
  "std_cv": 2.812730447150358e-05,
  "models_trained": 3,
  "prediction_distribution": {
    "introverts": 3796,
    "extroverts": 2379
  }
}