{
  "missforest": {
    "standard": {
      "mean": 0.9662061950023755,
      "std": 0.002789320470577505,
      "scores": [
        0.9651821862348178,
        0.9649122807017544,
        0.9622132253711201,
        0.9689608636977058,
        0.9697624190064795
      ]
    },
    "personality_aware": {
      "mean": 0.9651265437226562,
      "std": 0.0021922747597853394,
      "scores": [
        0.9641025641025641,
        0.9630229419703104,
        0.9638326585695006,
        0.9654520917678813,
        0.9692224622030238
      ]
    }
  },
  "denoising_autoencoder": {
    "mean": 0.9676097329217711,
    "std": 0.0018440958653391912,
    "scores": [
      0.9678812415654521,
      0.965991902834008,
      0.9651821862348178,
      0.9686909581646423,
      0.9703023758099352
    ]
  },
  "vae": {
    "mean": 0.9672318506017493,
    "std": 0.0018249182839846787,
    "scores": [
      0.9678812415654521,
      0.9670715249662618,
      0.9643724696356275,
      0.9668016194331984,
      0.9700323974082073
    ]
  },
  "gain": {
    "mean": 0.9666380292815442,
    "std": 0.0021745543063971316,
    "scores": [
      0.9676113360323887,
      0.9638326585695006,
      0.9643724696356275,
      0.9678812415654521,
      0.9694924406047516
    ]
  },
  "synthetic_validation": {
    "simple": {
      "rmse": 0.6348310864933299,
      "mae": 0.4030105083783016
    },
    "knn": {
      "rmse": 0.26748430930207107,
      "mae": 0.12382845782448168
    },
    "rf_personality_aware": {
      "rmse": 0.2846316900236649,
      "mae": 0.12048982747505896
    }
  },
  "baseline": {
    "mean": 0.9657743315757411,
    "std": 0.0025433029124905925,
    "scores": [
      0.9676113360323887,
      0.9630229419703104,
      0.9630229419703104,
      0.9657219973009447,
      0.9694924406047516
    ]
  }
}