feature,importance
Friends_circle_size,0.29246548716633197
Social_event_attendance,0.20552950035401754
Post_frequency,0.19871576042989736
Time_spent_Alone,0.1675149336862809
Going_outside,0.12046052720250909
Stage_fear,0.008254583647222582
Drained_after_socializing,0.007059207513740559
