batch,start_id,end_id,n_records,n_train,n_test,e_ratio,null_ratio,Time_spent_Alone_mean,Time_spent_Alone_std,Social_event_attendance_mean,Social_event_attendance_std,Friends_circle_size_mean,Friends_circle_size_std
1,0,4938,4939,4939,0,0.7420530471755417,0.06754403725450496,3.118636755823986,3.000206745277964,5.253576072821846,2.743903870991202,7.9547113114402235,4.206494908769029
2,4939,9877,4939,4939,0,0.7373962340554768,0.06604575825065803,3.1545296922410055,2.975250913622209,5.266379310344828,2.751266347886178,8.007531740908112,4.228430525274658
3,9878,14816,4939,4939,0,0.7396234055476817,0.06628872241344402,3.1246483445141746,3.0176322587125286,5.265746333045729,2.75996187291676,8.003201707577375,4.224662048302932
4,14817,19755,4939,3707,1232,0.7402308159546467,0.066410204494837,3.1423294219904387,3.0300879882252474,5.282406405539926,2.771783446091744,8.002375809935206,4.233643346240836
5,19756,24698,4943,0,4943,0.7495448108436172,0.06570908355249848,3.122749945781826,2.9737289171342303,5.286055085664715,2.746470554735262,8.030380830124091,4.186833067697968
