feature,train_mean,test_mean,mean_diff,train_std,test_std,ks_statistic,ks_pvalue,mw_pvalue,significant,chi2,chi_pvalue
Time_spent_Alone,3.1377639321564557,3.1168695652173914,0.020894366939064213,3.0037863347217417,2.985657827298792,0.007739401327373718,0.9564167075387244,0.8452217637024648,False,,
Social_event_attendance,5.265106088560886,5.287988923502942,0.022882834942056007,2.753359060440941,2.7580522874239777,0.005598120622950786,0.9991336717097385,0.542674461753796,False,,
Friends_circle_size,7.996737263880939,8.008412017167382,0.011674753286443185,4.223483912812513,4.19270092410655,0.00813701477210474,0.932244967535108,0.8348089783516165,False,,
Going_outside,4.044319380935631,4.03783499737257,0.006484383563061691,2.0625798113009637,2.0452068343309513,0.010244914463571397,0.7563378075316138,0.6512012978516604,False,,
Post_frequency,4.982097334878332,5.0289578637073005,0.04686052882896874,2.879138992717586,2.8672854250612714,0.007974800082219513,0.9441408186752848,0.29621838767030984,False,,
Stage_fear,0.21712373137551286,0.217165991902834,4.226052732114738e-05,,,,,,False,0.03654166932220575,0.8484012170219405
Drained_after_socializing,0.2192830922047074,0.211497975708502,0.007785116496205391,,,,,,False,0.9490695221169789,0.32995625557586583
