feature_set,n_features,cv_accuracy,cv_std
original,7,0.9635069096078762,0.001651018491971854
original_plus_basic,13,0.9667459158973659,0.0009722694686896276
original_plus_interaction,17,0.965234366222551,0.0011903626056275923
original_plus_statistical,14,0.9638848035840516,0.0015564441400342003
original_plus_domain,13,0.9672317983166533,0.001592120787788251
original_plus_null,13,0.9667999407204563,0.0016546563300517305
all_engineered,42,0.9673397692731743,0.0018320583977622683
