Feature,Train_Null_Count,Train_Null_Pct,Test_Null_Count,Test_Null_Pct
Time_spent_Alone,1190,6.4240984668538115,425,6.882591093117409
Stage_fear,1893,10.219175124163247,598,9.68421052631579
Social_event_attendance,1180,6.370114446123948,397,6.42914979757085
Going_outside,1466,7.914057438998057,466,7.5465587044534415
Drained_after_socializing,1149,6.202763981861369,432,6.995951417004048
Friends_circle_size,1054,5.689915784927662,350,5.668016194331984
Post_frequency,1264,6.823580220254804,408,6.607287449392713
