{
  "cv_scores": [
    0.970310391363023,
    0.9668016194331984,
    0.9657219973009447,
    0.9705802968960864,
    0.9716522678185745
  ],
  "mean_cv": 0.9690133145623653,
  "std_cv": 0.002316302260464358,
  "expected_lb": 0.9680443012478029,
  "prediction_distribution": {
    "introverts": 1560,
    "extroverts": 4615,
    "intro_rate": 0.25263157894736843
  }
}