{
  "cv_scores": [
    0.9700404858299595,
    0.9670715249662618,
    0.9668016194331984,
    0.9713900134952766,
    0.9716522678185745
  ],
  "mean_cv": 0.9693911823086541,
  "std_cv": 0.0020792342307022187,
  "expected_lb": 0.9674523999440368,
  "prediction_distribution": {
    "introverts": 1558,
    "extroverts": 4617,
    "intro_rate": 0.2523076923076923
  }
}