feature,removed_mean,kept_mean,test_mean,removed_diff,kept_diff,closer_to_test
Time_spent_Alone,4.045520681770942,2.7434551155837528,3.04,1.0055206817709417,0.29654488441624727,Kept
Social_event_attendance,4.36541259613386,5.605192153431051,5.269473684210526,0.9040610880766664,0.3357184692205246,Kept
Friends_circle_size,7.0473913947204325,8.292423248012835,8.007935222672065,0.960543827951633,0.2844880253407691,Kept
Going_outside,3.7609644564539595,4.138992197185153,4.03497975708502,0.27401530063106083,0.10401244010013233,Kept
Post_frequency,4.252754105175639,5.216728651644425,5.027044534412956,0.7742904292373165,0.1896841172314696,Kept
