metric,optimal_threshold,optimal_score,improvement_vs_default
accuracy,0.44,0.9692291081839776,0.00010796804145973837
f1,0.44,0.940625,0.0002580275229357998
balanced,0.3,0.9585579371740383,0.0005806709540085997
