level,type,count,pct,avg_confidence,error_rate,extrovert_ratio
0,Certain (conf > 0.3),18104,97.73267112934572,0.9856160258361908,0.8230225364560319,74.68515245249668
1,Low Confidence (0.1-0.3),32,0.1727488663355647,0.20145793875000004,43.75,34.375
2,Very Low Confidence (< 0.1),15,0.08097603109479594,0.04044439333333335,46.666666666666664,53.333333333333336
3,High Confidence Error,373,2.0136039732239257,0.9201065614852547,100.0,42.62734584450402
