num_trees,max_depth,min_examples,oob_accuracy,train_time
300,16,5,0.9689591880803282,0.545518159866333
300,30,5,0.9687972360181386,0.6512913703918457
500,20,5,0.9689591880803282,1.0480546951293945
300,10,20,0.9689052040595983,0.4345669746398926
400,-1,5,0.9687972360181386,0.8570270538330078
1000,8,50,0.9686892679766789,1.0120680332183838
