model,mean_accuracy,std_accuracy,min_accuracy,max_accuracy
RF-300,0.9689592897345541,0.0014861601234086076,0.9665317139001349,0.9708423326133909
RF-500,0.9689593043082869,0.0016441588127716405,0.9662618083670715,0.9711123110151187
GBT-300,0.9687973318409832,0.0013376658064720957,0.9673414304993252,0.9705723542116631
GBT-500-tuned,0.9686354322423437,0.0017333603736170203,0.9668016194331984,0.9713822894168467
